{
  "item-states": [
    {
      "folded": false,
      "id": "mount-assets"
    },
    {
      "folded": false,
      "id": "176fb5bd-cbe4-4f82-bcf3-7e38678df267"
    },
    {
      "folded": false,
      "id": "67ee0c41-d949-4758-87ca-656703f2c4b1"
    },
    {
      "folded": false,
      "id": "11a06983-aa70-4052-a8da-cb8115d92c59"
    },
    {
      "folded": false,
      "id": "530db307-0137-450d-a211-5443a8a6ecc5"
    },
    {
      "folded": false,
      "id": "016b9bd7-13da-469b-bbd4-c1706ab74fd1"
    },
    {
      "folded": true,
      "id": "91ef674a-cebd-4f0f-8be9-fc2ac217a6bd"
    },
    {
      "folded": true,
      "id": "925f2bde-c97e-46e1-ab94-79187e718f6d"
    },
    {
      "folded": true,
      "id": "3367bf84-0e0f-482d-bfd1-f3b2db491267"
    }
  ]
}