{
  "windows": {
    "main": {
      "x": 119,
      "y": 27,
      "width": 1238,
      "height": 772,
      "layout": {
        "docks": [
          {
            "docks": [
              {
                "active": 0,
                "height": 321,
                "panels": [
                  "hierarchy.panel"
                ],
                "type": "panel",
                "width": 208
              },
              {
                "active": 0,
                "height": 320,
                "panels": [
                  "assets.panel"
                ],
                "type": "panel",
                "width": 208
              }
            ],
            "height": 644,
            "row": false,
            "type": "dock",
            "width": 208
          },
          {
            "docks": [
              {
                "active": 0,
                "height": 406,
                "panels": [
                  "scene.panel"
                ],
                "type": "panel",
                "width": 696
              },
              {
                "active": 1,
                "height": 235,
                "panels": [
                  "console.panel",
                  "timeline.panel"
                ],
                "type": "panel",
                "width": 696
              }
            ],
            "height": 644,
            "row": false,
            "type": "dock",
            "width": 696
          },
          {
            "active": 0,
            "height": 644,
            "panels": [
              "inspector.panel"
            ],
            "type": "panel",
            "width": 306
          }
        ],
        "no-collapse": true,
        "row": true,
        "type": "dock"
      }
    }
  }
}