{
  "__type__": "cc.AnimationClip",
  "_name": "yellowstar",
  "_objFlags": 0,
  "_duration": 0.8,
  "sample": 30,
  "speed": 1,
  "wrapMode": 2,
  "curveData": {
    "comps": {
      "cc.Sprite": {
        "spriteFrame": [
          {
            "frame": 0,
            "value": {
              "__uuid__": "4876bed4-15d7-4d03-93d2-26e2a3d96fe0"
            }
          },
          {
            "frame": 0.03333333333333333,
            "value": {
              "__uuid__": "bf214603-1c9d-4e17-a310-aa96f5ee46f3"
            }
          },
          {
            "frame": 0.06666666666666667,
            "value": {
              "__uuid__": "08a2f08a-009d-4ce4-9805-9c7ad89d5a1a"
            }
          },
          {
            "frame": 0.1,
            "value": {
              "__uuid__": "0b861e80-ac65-489f-ac09-2fbd01be2395"
            }
          },
          {
            "frame": 0.13333333333333333,
            "value": {
              "__uuid__": "c1c7f6be-ab99-4cb5-aabf-e39ceb81658a"
            }
          },
          {
            "frame": 0.16666666666666666,
            "value": {
              "__uuid__": "f736014d-a91c-4894-845f-0d14a11df74d"
            }
          },
          {
            "frame": 0.2,
            "value": {
              "__uuid__": "da180504-e474-4004-a5cc-28525b37afab"
            }
          },
          {
            "frame": 0.23333333333333334,
            "value": {
              "__uuid__": "934f6ea2-da73-49c9-bc48-35d26382aa79"
            }
          },
          {
            "frame": 0.26666666666666666,
            "value": {
              "__uuid__": "c7280574-c645-48df-8c4d-2924f3853d36"
            }
          },
          {
            "frame": 0.3,
            "value": {
              "__uuid__": "e197ea9f-95dd-47f6-bb59-22fe4c926281"
            }
          },
          {
            "frame": 0.3333333333333333,
            "value": {
              "__uuid__": "3f89fc69-e699-49e8-9347-ea6455e97be1"
            }
          },
          {
            "frame": 0.36666666666666664,
            "value": {
              "__uuid__": "796933bd-76af-457f-8c31-fbb4e35b815e"
            }
          },
          {
            "frame": 0.4,
            "value": {
              "__uuid__": "2fa626ce-10ef-47ae-b93f-914689d9809c"
            }
          },
          {
            "frame": 0.43333333333333335,
            "value": {
              "__uuid__": "270ded38-4bcf-4cc8-86e6-922c0424a092"
            }
          },
          {
            "frame": 0.4666666666666667,
            "value": {
              "__uuid__": "a1089dcd-7801-4184-9516-e124ac616a58"
            }
          },
          {
            "frame": 0.5,
            "value": {
              "__uuid__": "3bdc7cae-e5b1-452e-a7c1-86b173c0f080"
            }
          },
          {
            "frame": 0.5333333333333333,
            "value": {
              "__uuid__": "44f5ca32-8a3e-4156-9e55-1ffee385853e"
            }
          },
          {
            "frame": 0.5666666666666667,
            "value": {
              "__uuid__": "cc1db8e6-b172-4b2f-8855-af645b28d6d9"
            }
          },
          {
            "frame": 0.6,
            "value": {
              "__uuid__": "57e73853-d16f-4713-beba-b7ba71d1683c"
            }
          },
          {
            "frame": 0.6333333333333333,
            "value": {
              "__uuid__": "e85186d4-d8e5-4563-9979-1c183f7f09a0"
            }
          },
          {
            "frame": 0.6666666666666666,
            "value": {
              "__uuid__": "64b5889d-dc34-4934-ae75-567914ef0449"
            }
          },
          {
            "frame": 0.7,
            "value": {
              "__uuid__": "3399d8b9-a9fb-4ffc-b9e1-6b3714a9a1c1"
            }
          },
          {
            "frame": 0.7333333333333333,
            "value": {
              "__uuid__": "a3b72403-e60c-4403-b3b2-7d3f4a90a608"
            }
          },
          {
            "frame": 0.7666666666666667,
            "value": {
              "__uuid__": "ac712210-6f40-4b0f-a329-0e26962c9c6e"
            }
          }
        ]
      }
    }
  },
  "events": []
}