{
  "__type__": "cc.AnimationClip",
  "_name": "blueleft",
  "_objFlags": 0,
  "_duration": 0.5400000000000001,
  "sample": 30,
  "speed": 1,
  "wrapMode": 1,
  "curveData": {
    "comps": {
      "cc.Sprite": {
        "spriteFrame": [
          {
            "frame": 0,
            "value": {
              "__uuid__": "8d5d80e1-f450-4ede-8cd1-19483b2fa71a"
            }
          },
          {
            "frame": 0.03333333333333333,
            "value": {
              "__uuid__": "641df4cc-99dc-428b-bcf2-5b94b26e8dfc"
            }
          },
          {
            "frame": 0.06666666666666667,
            "value": {
              "__uuid__": "4ab093be-e3a2-4cbe-8daa-56fb8a5c432d"
            }
          },
          {
            "frame": 0.1,
            "value": {
              "__uuid__": "687c5ed7-1ec2-434b-8176-a6581ce817d4"
            }
          },
          {
            "frame": 0.13333333333333333,
            "value": {
              "__uuid__": "f86831fd-d1c9-4242-9454-910dfd788371"
            }
          },
          {
            "frame": 0.16666666666666666,
            "value": {
              "__uuid__": "f4b51851-27ef-4c1b-a34c-a0d8185653fe"
            }
          },
          {
            "frame": 0.2,
            "value": {
              "__uuid__": "bf332cf6-9ecc-4078-a797-43e61e3a152f"
            }
          },
          {
            "frame": 0.23333333333333334,
            "value": {
              "__uuid__": "e08ed93e-6442-4ef7-9669-bb13d4d32bbe"
            }
          },
          {
            "frame": 0.26666666666666666,
            "value": {
              "__uuid__": "1a80eb31-f894-48ff-9269-2367e025665a"
            }
          },
          {
            "frame": 0.3,
            "value": {
              "__uuid__": "8ae739a8-ddb3-45aa-be71-d4516dd8f441"
            }
          },
          {
            "frame": 0.3333333333333333,
            "value": {
              "__uuid__": "3adf36db-efa6-44a5-ae3b-38cebf2e103d"
            }
          },
          {
            "frame": 0.36666666666666664,
            "value": {
              "__uuid__": "2b6a208a-ab00-4ec8-9374-754743ae66cc"
            }
          },
          {
            "frame": 0.4,
            "value": {
              "__uuid__": "abe07d2f-d0b5-4f5f-90ab-14094d74617e"
            }
          },
          {
            "frame": 0.43333333333333335,
            "value": {
              "__uuid__": "c4fb8bb3-8df1-4ac6-b6bc-b8e61a72ba2b"
            }
          },
          {
            "frame": 0.4666666666666667,
            "value": {
              "__uuid__": "80f0dcbb-6b03-4e10-a50b-5252756c5d60"
            }
          },
          {
            "frame": 0.5,
            "value": {
              "__uuid__": "8d5d80e1-f450-4ede-8cd1-19483b2fa71a"
            }
          }
        ]
      }
    },
    "props": {
      "position": [
        {
          "frame": 0,
          "value": [
            -61,
            -311
          ]
        },
        {
          "frame": 0.5,
          "value": [
            -187,
            -311
          ]
        }
      ]
    }
  },
  "events": [
    {
      "frame": 0.5,
      "func": "actionEnd",
      "params": []
    }
  ]
}