{
  "__type__": "cc.AnimationClip",
  "_name": "yellowleft",
  "_objFlags": 0,
  "_duration": 0.5,
  "sample": 30,
  "speed": 1,
  "wrapMode": 1,
  "curveData": {
    "comps": {
      "cc.Sprite": {
        "spriteFrame": [
          {
            "frame": 0,
            "value": {
              "__uuid__": "bef8468b-f465-4422-aefc-ad5f3ae279d1"
            }
          },
          {
            "frame": 0.03333333333333333,
            "value": {
              "__uuid__": "8f0c3e0f-6212-4e21-b2f3-af540b389d64"
            }
          },
          {
            "frame": 0.06666666666666667,
            "value": {
              "__uuid__": "6287c8dc-496b-40d0-9cd5-922a91fa580e"
            }
          },
          {
            "frame": 0.1,
            "value": {
              "__uuid__": "8b29bb89-8e4b-45dc-9333-fea0bdd2aaa5"
            }
          },
          {
            "frame": 0.13333333333333333,
            "value": {
              "__uuid__": "d1a40216-5313-4149-81ac-dffc4b127671"
            }
          },
          {
            "frame": 0.16666666666666666,
            "value": {
              "__uuid__": "6e4cfd7e-8e55-4f51-ace8-4d0140a7260e"
            }
          },
          {
            "frame": 0.2,
            "value": {
              "__uuid__": "9fa3c10a-5f34-427a-a6d0-21ad73eebaca"
            }
          },
          {
            "frame": 0.23333333333333334,
            "value": {
              "__uuid__": "5f8022c8-164d-4ca9-981b-3d689546f3d1"
            }
          },
          {
            "frame": 0.26666666666666666,
            "value": {
              "__uuid__": "80c59316-9644-4aa8-83e0-094c8760e79d"
            }
          },
          {
            "frame": 0.3,
            "value": {
              "__uuid__": "f9d35a25-e20d-4afc-8d5a-f3d94d48d2fb"
            }
          },
          {
            "frame": 0.3333333333333333,
            "value": {
              "__uuid__": "8cd6dd32-4553-4e47-bcb1-88a9807800b9"
            }
          },
          {
            "frame": 0.36666666666666664,
            "value": {
              "__uuid__": "ece3d90a-2302-4785-9fa4-5abd84df0388"
            }
          },
          {
            "frame": 0.4,
            "value": {
              "__uuid__": "eec7a720-0c27-4cd7-8968-4e1129958a38"
            }
          },
          {
            "frame": 0.43333333333333335,
            "value": {
              "__uuid__": "0e4af275-ea7b-4715-8ea9-472a6f0858aa"
            }
          },
          {
            "frame": 0.4666666666666667,
            "value": {
              "__uuid__": "b69fcdd0-95cc-4102-905e-7f33d542bfdb"
            }
          }
        ]
      }
    },
    "props": {
      "position": [
        {
          "frame": 0,
          "value": [
            181,
            -311
          ]
        },
        {
          "frame": 0.4666666666666667,
          "value": [
            59,
            -311
          ]
        }
      ]
    }
  },
  "events": [
    {
      "frame": 0.4666666666666667,
      "func": "actionEnd",
      "params": []
    }
  ]
}