[
  {
    "__type__": "cc.Prefab",
    "_name": "particlesystem",
    "_objFlags": 0,
    "_rawFiles": null,
    "data": {
      "__id__": 1
    }
  },
  {
    "__type__": "cc.Node",
    "_name": "ParticleSystem",
    "_objFlags": 0,
    "_opacity": 255,
    "_color": {
      "__type__": "cc.Color",
      "r": 255,
      "g": 255,
      "b": 255,
      "a": 255
    },
    "_cascadeOpacityEnabled": true,
    "_parent": null,
    "_anchorPoint": {
      "__type__": "cc.Vec2",
      "x": 0.5,
      "y": 0.5
    },
    "_contentSize": {
      "__type__": "cc.Size",
      "width": 0,
      "height": 0
    },
    "_children": [],
    "_rotationX": 0,
    "_rotationY": 0,
    "_scaleX": 1,
    "_scaleY": 1,
    "_position": {
      "__type__": "cc.Vec2",
      "x": 0,
      "y": 0
    },
    "_skewX": 0,
    "_skewY": 0,
    "_localZOrder": 0,
    "_globalZOrder": 0,
    "_ignoreAnchorPointForPosition": false,
    "_tag": -1,
    "_opacityModifyRGB": false,
    "_id": "",
    "_active": true,
    "_components": [
      {
        "__id__": 2
      }
    ],
    "_prefab": {
      "__id__": 3
    }
  },
  {
    "__type__": "cc.ParticleSystem",
    "_name": "",
    "_objFlags": 0,
    "node": {
      "__id__": 1
    },
    "_enabled": true,
    "_custom": false,
    "_file": {
      "__uuid__": "b8223619-7e38-47c4-841f-9160c232495a"
    },
    "playOnLoad": true,
    "_autoRemoveOnFinish": false,
    "_totalParticles": 150,
    "_duration": -1,
    "_emissionRate": 10,
    "_life": 1,
    "_lifeVar": 0,
    "_startColor": {
      "__type__": "cc.Color",
      "r": 255,
      "g": 255,
      "b": 255,
      "a": 255
    },
    "_startColorVar": {
      "__type__": "cc.Color",
      "r": 0,
      "g": 0,
      "b": 0,
      "a": 255
    },
    "_endColor": {
      "__type__": "cc.Color",
      "r": 255,
      "g": 255,
      "b": 255,
      "a": 0
    },
    "_endColorVar": {
      "__type__": "cc.Color",
      "r": 0,
      "g": 0,
      "b": 0,
      "a": 0
    },
    "_angle": 90,
    "_angleVar": 20,
    "_startSize": 50,
    "_startSizeVar": 0,
    "_endSize": 0,
    "_endSizeVar": 0,
    "_startSpin": 0,
    "_startSpinVar": 0,
    "_endSpin": 0,
    "_endSpinVar": 0,
    "_sourcePos": {
      "__type__": "cc.Vec2",
      "x": 0,
      "y": 0
    },
    "_posVar": {
      "__type__": "cc.Vec2",
      "x": 0,
      "y": 0
    },
    "_positionType": 0,
    "_emitterMode": 0,
    "_gravity": {
      "__type__": "cc.Vec2",
      "x": 0,
      "y": 0
    },
    "_speed": 180,
    "_speedVar": 50,
    "_tangentialAccel": 80,
    "_tangentialAccelVar": 0,
    "_radialAccel": 0,
    "_radialAccelVar": 0,
    "_rotationIsDir": false,
    "_startRadius": 0,
    "_startRadiusVar": 0,
    "_endRadius": 0,
    "_endRadiusVar": 0,
    "_rotatePerS": 0,
    "_rotatePerSVar": 0,
    "_N$preview": true
  },
  {
    "__type__": "cc.PrefabInfo",
    "root": {
      "__id__": 1
    },
    "asset": null,
    "fileId": "5f955dwqBxLLauVghnNbmiO"
  }
]