{
  "__type__": "cc.SpriteAtlas",
  "_name": "res.plist",
  "_objFlags": 0,
  "_spriteFrames": {
    "bg.png": {
      "__uuid__": "b73f7d48-6538-4b20-895e-524990355521"
    },
    "bluecar_01.png": {
      "__uuid__": "8d5d80e1-f450-4ede-8cd1-19483b2fa71a"
    },
    "bluecar_02.png": {
      "__uuid__": "d66ae128-ba0b-463f-891b-e40f297a932b"
    },
    "bluecar_03.png": {
      "__uuid__": "fbbd0c3f-5ab7-449e-8e5c-82c40ebd901c"
    },
    "bluecar_04.png": {
      "__uuid__": "a5f10ed4-4d9d-4a47-b265-537c14beb266"
    },
    "bluecar_05.png": {
      "__uuid__": "c0a9912f-7539-4231-a583-878719e3bcf4"
    },
    "bluecar_06.png": {
      "__uuid__": "1dc17b37-afa6-4616-b825-96130b2c0c54"
    },
    "bluecar_07.png": {
      "__uuid__": "1340205f-c3dc-4b1b-9a37-0345d8940597"
    },
    "bluecar_08.png": {
      "__uuid__": "9c96fc65-e651-4108-9b25-3b69b272ba77"
    },
    "bluecar_09.png": {
      "__uuid__": "4bb19d0f-a079-4985-808a-840c70ea4855"
    },
    "bluecar_10.png": {
      "__uuid__": "0b45998b-b2cb-42c1-a056-8ed4f96002b7"
    },
    "bluecar_11.png": {
      "__uuid__": "20bd72ba-78ea-4f3a-939a-37826690ec31"
    },
    "bluecar_12.png": {
      "__uuid__": "5cc1a271-9c72-4b7f-93a0-4973e5c7849b"
    },
    "bluecar_13.png": {
      "__uuid__": "3ca5eb8a-7e8f-499b-8269-c0a23c16b8bc"
    },
    "bluecar_14.png": {
      "__uuid__": "ec098ea3-c993-492d-9fdc-33c9076c6d9b"
    },
    "bluecar_15.png": {
      "__uuid__": "445178d6-b7d2-4e8d-a7f4-cfcff46ee9ec"
    },
    "bluecar_16.png": {
      "__uuid__": "2e8413c0-0282-42f9-8795-3f156d9b76d3"
    },
    "bluecar_17.png": {
      "__uuid__": "8ff1f609-4a7b-4cf7-8cd2-96b10515a00e"
    },
    "bluecar_18.png": {
      "__uuid__": "641df4cc-99dc-428b-bcf2-5b94b26e8dfc"
    },
    "bluecar_19.png": {
      "__uuid__": "4ab093be-e3a2-4cbe-8daa-56fb8a5c432d"
    },
    "bluecar_20.png": {
      "__uuid__": "687c5ed7-1ec2-434b-8176-a6581ce817d4"
    },
    "bluecar_21.png": {
      "__uuid__": "f86831fd-d1c9-4242-9454-910dfd788371"
    },
    "bluecar_22.png": {
      "__uuid__": "f4b51851-27ef-4c1b-a34c-a0d8185653fe"
    },
    "bluecar_23.png": {
      "__uuid__": "bf332cf6-9ecc-4078-a797-43e61e3a152f"
    },
    "bluecar_24.png": {
      "__uuid__": "e08ed93e-6442-4ef7-9669-bb13d4d32bbe"
    },
    "bluecar_25.png": {
      "__uuid__": "1a80eb31-f894-48ff-9269-2367e025665a"
    },
    "bluecar_26.png": {
      "__uuid__": "8ae739a8-ddb3-45aa-be71-d4516dd8f441"
    },
    "bluecar_27.png": {
      "__uuid__": "3adf36db-efa6-44a5-ae3b-38cebf2e103d"
    },
    "bluecar_28.png": {
      "__uuid__": "2b6a208a-ab00-4ec8-9374-754743ae66cc"
    },
    "bluecar_29.png": {
      "__uuid__": "abe07d2f-d0b5-4f5f-90ab-14094d74617e"
    },
    "bluecar_30.png": {
      "__uuid__": "c4fb8bb3-8df1-4ac6-b6bc-b8e61a72ba2b"
    },
    "bluecar_31.png": {
      "__uuid__": "80f0dcbb-6b03-4e10-a50b-5252756c5d60"
    },
    "bluecar_32.png": {
      "__uuid__": "e9353ca3-9146-46be-bdc5-2c2cc541b523"
    },
    "bluecar_33.png": {
      "__uuid__": "1faf4880-d95f-4873-bf86-ee05af00875b"
    },
    "blueobj.png": {
      "__uuid__": "8431748e-2429-46de-b3f7-d0b0f87898d3"
    },
    "bluestar_01.png": {
      "__uuid__": "487c10b7-d79f-4218-8d6d-e8bf50a2e7c0"
    },
    "bluestar_02.png": {
      "__uuid__": "5d0fa3d0-6b45-4a6c-ab58-365ddd194591"
    },
    "bluestar_03.png": {
      "__uuid__": "d9e3320a-7e86-4b2f-b1fd-710bc566db77"
    },
    "bluestar_04.png": {
      "__uuid__": "4f6291eb-bb63-4af6-ade9-253acbec2d33"
    },
    "bluestar_05.png": {
      "__uuid__": "129cd0a7-5796-4047-9886-e1c755550a91"
    },
    "bluestar_06.png": {
      "__uuid__": "d97b510b-c8b5-4933-84d7-63a55f11ebab"
    },
    "bluestar_07.png": {
      "__uuid__": "cd767b6d-2e16-489a-a5a9-4f1c02aead46"
    },
    "bluestar_08.png": {
      "__uuid__": "3b8801a4-5cdc-4aa2-ae9c-5f517e85ac00"
    },
    "bluestar_09.png": {
      "__uuid__": "35fb2366-489b-482b-a252-6cd59b2ffa6c"
    },
    "bluestar_10.png": {
      "__uuid__": "c3bb00e7-ae0b-4126-9aa6-783abed8dbff"
    },
    "bluestar_11.png": {
      "__uuid__": "2c0e8303-a0d7-40e1-ac25-bc21ac7854eb"
    },
    "bluestar_12.png": {
      "__uuid__": "3f3ca62e-88ae-4397-84c6-0af57e37f20c"
    },
    "bluestar_13.png": {
      "__uuid__": "943ccafd-a4e7-4cdc-bc5d-5c79f9e581fa"
    },
    "bluestar_14.png": {
      "__uuid__": "995c098e-1925-42fd-8106-2330b18dc688"
    },
    "bluestar_15.png": {
      "__uuid__": "975e382f-8256-42a9-86f0-3748e9467e7e"
    },
    "bluestar_16.png": {
      "__uuid__": "f31b0078-e18d-4804-9880-e0279876cb1d"
    },
    "bluestar_17.png": {
      "__uuid__": "f4402001-16d7-400b-a689-5df1cfb9f9bb"
    },
    "bluestar_18.png": {
      "__uuid__": "5cd757fc-4114-4098-bf69-8e55b0573350"
    },
    "bluestar_19.png": {
      "__uuid__": "1bff140c-cd78-40da-af2c-f6f5fe608890"
    },
    "bluestar_20.png": {
      "__uuid__": "c8fa6f4e-fa8e-4107-b8e3-e034adc199e0"
    },
    "bluestar_21.png": {
      "__uuid__": "87627d0a-6318-46e9-bf61-b3ec17e81146"
    },
    "bluestar_22.png": {
      "__uuid__": "5a8fd507-6094-451a-9b38-4473265d843f"
    },
    "bluestar_23.png": {
      "__uuid__": "b6336f6c-50d5-45c3-a242-e0b085596181"
    },
    "bluestar_24.png": {
      "__uuid__": "799dfc5c-f87b-4f83-ae66-e244c4a8eb67"
    },
    "title.png": {
      "__uuid__": "b08f6eb8-46b4-4da5-bd24-5cb309aef6f4"
    },
    "yellowcar_01.png": {
      "__uuid__": "28c92c89-94b1-417c-a898-f136ec4f5e31"
    },
    "yellowcar_02.png": {
      "__uuid__": "092949f3-400c-4990-baff-4bc754f07cc6"
    },
    "yellowcar_03.png": {
      "__uuid__": "9e162f59-973b-4efa-9969-2304aedbd994"
    },
    "yellowcar_04.png": {
      "__uuid__": "a763ef10-917c-46bc-90de-62b1ac781b03"
    },
    "yellowcar_05.png": {
      "__uuid__": "a2412131-a6b8-4b8e-a086-edc6b2f3f218"
    },
    "yellowcar_06.png": {
      "__uuid__": "5fa7f54d-f666-42c8-a092-c290b2029dd1"
    },
    "yellowcar_07.png": {
      "__uuid__": "dca6c87e-76aa-4fd6-8f2c-56c3ba32dc84"
    },
    "yellowcar_08.png": {
      "__uuid__": "942ec3cb-0d7a-40c0-a3ef-284afa8cf242"
    },
    "yellowcar_09.png": {
      "__uuid__": "900bdeae-2f64-4e02-9cb5-9b98531807fe"
    },
    "yellowcar_10.png": {
      "__uuid__": "409d58cb-15ad-4a5b-aaf6-db0f6de885f7"
    },
    "yellowcar_11.png": {
      "__uuid__": "1311e8b8-1de9-43ab-b8e5-465e4cd6cb56"
    },
    "yellowcar_12.png": {
      "__uuid__": "1035eca8-b0d9-419d-9ad8-ba17631a4100"
    },
    "yellowcar_13.png": {
      "__uuid__": "4a77d22b-a2f1-419b-bc0b-76646e81126e"
    },
    "yellowcar_14.png": {
      "__uuid__": "df160ce0-037a-40e5-aed4-f59531804714"
    },
    "yellowcar_15.png": {
      "__uuid__": "c1f6a59d-7367-4cbe-b2d8-6b2a4e141cbc"
    },
    "yellowcar_16.png": {
      "__uuid__": "d07ddf76-b1a0-4841-a87a-13c1ea95f219"
    },
    "yellowcar_17.png": {
      "__uuid__": "bef8468b-f465-4422-aefc-ad5f3ae279d1"
    },
    "yellowcar_18.png": {
      "__uuid__": "8f0c3e0f-6212-4e21-b2f3-af540b389d64"
    },
    "yellowcar_19.png": {
      "__uuid__": "6287c8dc-496b-40d0-9cd5-922a91fa580e"
    },
    "yellowcar_20.png": {
      "__uuid__": "8b29bb89-8e4b-45dc-9333-fea0bdd2aaa5"
    },
    "yellowcar_21.png": {
      "__uuid__": "d1a40216-5313-4149-81ac-dffc4b127671"
    },
    "yellowcar_22.png": {
      "__uuid__": "6e4cfd7e-8e55-4f51-ace8-4d0140a7260e"
    },
    "yellowcar_23.png": {
      "__uuid__": "9fa3c10a-5f34-427a-a6d0-21ad73eebaca"
    },
    "yellowcar_24.png": {
      "__uuid__": "5f8022c8-164d-4ca9-981b-3d689546f3d1"
    },
    "yellowcar_25.png": {
      "__uuid__": "80c59316-9644-4aa8-83e0-094c8760e79d"
    },
    "yellowcar_26.png": {
      "__uuid__": "f9d35a25-e20d-4afc-8d5a-f3d94d48d2fb"
    },
    "yellowcar_27.png": {
      "__uuid__": "8cd6dd32-4553-4e47-bcb1-88a9807800b9"
    },
    "yellowcar_28.png": {
      "__uuid__": "ece3d90a-2302-4785-9fa4-5abd84df0388"
    },
    "yellowcar_29.png": {
      "__uuid__": "eec7a720-0c27-4cd7-8968-4e1129958a38"
    },
    "yellowcar_30.png": {
      "__uuid__": "0e4af275-ea7b-4715-8ea9-472a6f0858aa"
    },
    "yellowcar_31.png": {
      "__uuid__": "b69fcdd0-95cc-4102-905e-7f33d542bfdb"
    },
    "yellowobj.png": {
      "__uuid__": "e346324c-8ce6-49ca-b0ff-72fa3ddab1fc"
    },
    "yellowstar_01.png": {
      "__uuid__": "4876bed4-15d7-4d03-93d2-26e2a3d96fe0"
    },
    "yellowstar_02.png": {
      "__uuid__": "bf214603-1c9d-4e17-a310-aa96f5ee46f3"
    },
    "yellowstar_03.png": {
      "__uuid__": "08a2f08a-009d-4ce4-9805-9c7ad89d5a1a"
    },
    "yellowstar_04.png": {
      "__uuid__": "0b861e80-ac65-489f-ac09-2fbd01be2395"
    },
    "yellowstar_05.png": {
      "__uuid__": "c1c7f6be-ab99-4cb5-aabf-e39ceb81658a"
    },
    "yellowstar_06.png": {
      "__uuid__": "f736014d-a91c-4894-845f-0d14a11df74d"
    },
    "yellowstar_07.png": {
      "__uuid__": "da180504-e474-4004-a5cc-28525b37afab"
    },
    "yellowstar_08.png": {
      "__uuid__": "934f6ea2-da73-49c9-bc48-35d26382aa79"
    },
    "yellowstar_09.png": {
      "__uuid__": "c7280574-c645-48df-8c4d-2924f3853d36"
    },
    "yellowstar_10.png": {
      "__uuid__": "e197ea9f-95dd-47f6-bb59-22fe4c926281"
    },
    "yellowstar_11.png": {
      "__uuid__": "3f89fc69-e699-49e8-9347-ea6455e97be1"
    },
    "yellowstar_12.png": {
      "__uuid__": "796933bd-76af-457f-8c31-fbb4e35b815e"
    },
    "yellowstar_13.png": {
      "__uuid__": "2fa626ce-10ef-47ae-b93f-914689d9809c"
    },
    "yellowstar_14.png": {
      "__uuid__": "270ded38-4bcf-4cc8-86e6-922c0424a092"
    },
    "yellowstar_15.png": {
      "__uuid__": "a1089dcd-7801-4184-9516-e124ac616a58"
    },
    "yellowstar_16.png": {
      "__uuid__": "3bdc7cae-e5b1-452e-a7c1-86b173c0f080"
    },
    "yellowstar_17.png": {
      "__uuid__": "44f5ca32-8a3e-4156-9e55-1ffee385853e"
    },
    "yellowstar_18.png": {
      "__uuid__": "cc1db8e6-b172-4b2f-8855-af645b28d6d9"
    },
    "yellowstar_19.png": {
      "__uuid__": "57e73853-d16f-4713-beba-b7ba71d1683c"
    },
    "yellowstar_20.png": {
      "__uuid__": "e85186d4-d8e5-4563-9979-1c183f7f09a0"
    },
    "yellowstar_21.png": {
      "__uuid__": "64b5889d-dc34-4934-ae75-567914ef0449"
    },
    "yellowstar_22.png": {
      "__uuid__": "3399d8b9-a9fb-4ffc-b9e1-6b3714a9a1c1"
    },
    "yellowstar_23.png": {
      "__uuid__": "a3b72403-e60c-4403-b3b2-7d3f4a90a608"
    },
    "yellowstar_24.png": {
      "__uuid__": "ac712210-6f40-4b0f-a329-0e26962c9c6e"
    }
  }
}